{"cameraMode":{"drawMode":0,"name":"Shaded","section":"Shading Mode"},"sceneLighting":false,"audioPlay":false,"sceneViewState":{"m_AlwaysRefresh":false,"showFog":true,"showSkybox":false,"showFlares":true,"showImageEffects":true,"showParticleSystems":true,"showVisualEffectGraphs":true,"m_FxEnabled":true},"in2DMode":false,"pivot":{"x":-0.5290384292602539,"y":0.12699633836746217,"z":0.8455178141593933},"rotation":{"x":0.06034111604094505,"y":-0.5430135726928711,"z":0.039163101464509967,"w":0.8366413712501526},"size":1.6056535243988038,"orthographic":false}