{"cameraMode":{"drawMode":0,"name":"Shaded","section":"Shading Mode"},"sceneLighting":false,"audioPlay":false,"sceneViewState":{"m_AlwaysRefresh":false,"showFog":true,"showSkybox":true,"showFlares":true,"showImageEffects":true,"showParticleSystems":true,"showVisualEffectGraphs":true,"m_FxEnabled":true},"in2DMode":false,"pivot":{"x":0.5695846676826477,"y":0.37356477975845339,"z":-3.878384590148926},"rotation":{"x":0.1864665001630783,"y":-0.5187312960624695,"z":0.11708728224039078,"w":0.8261030912399292},"size":1.9232654571533204,"orthographic":false}